Epoch,Cycle,Episodes,Timesteps,TimeCost(sec),Pi_q_loss,Pi_l2_loss,Q_loss,Success
0/20,0/20,50,2500,59.64373183250427,,,,0.06
0/20,1/20,100,5000,142.44426727294922,,,,0.02
0/20,2/20,150,7500,148.10118007659912,,,,0.03
0/20,3/20,200,10000,404.0078194141388,8.727676540613174,0.18080305447801948,4.021038815379143,0.04
