Epoch,Cycle,Episodes,Timesteps,TimeCost(sec),Pi_q_loss,Pi_l2_loss,Q_loss,Success
0/20,0/20,50,2500,25.671980142593384,,,,0.07
0/20,1/20,100,5000,29.50569224357605,,,,0.04
0/20,2/20,150,7500,30.2759952545166,,,,0.05
0/20,3/20,200,10000,30.45182204246521,3.3446867554448545,0.21335728815756738,2.7621172233484685,0.1
0/20,4/20,250,12500,133.16504979133606,347.9010749445297,1.19957206377876,63.84312878118362,0.05
